<?xml version="1.0" encoding="UTF-8"?>
<metadata>
    <name>Balatro Jokers [Rep|Rep+]</name>
    <directory>balatro_jokers</directory>
    <id>3406153547</id>
    <description>With Balatro Jokers mod you'll be able to enjoy your favorite jokers and the pack opening experience from Balatro!

This mod adds the following content:

-1 passive item
-18 trinkets
-15+ pickups
-7 deck cards (Most of them with custom SFX)
-9 planet cards with custom SFX
-60+ joker cards (most of them comes with custom SFX too!)
-6 spectral cards
-A full-blown inventory system!
-1 new machine

[strike]To see the item descriptions you can check this mod's page on IsaacGuru:
https://isaacguru.com/mod/balatro_jokers[/strike]

EID is supported so you can see what all the pickups, cards, items and trinkets do in the game.

This mod is aimed to be balanced enough to be implemented into the base gameplay without being too overtuned. You'll need to acquire the passive item which allows for the packs and vouchers to be spawned so it doesn't intervene with the game much. The item is in the shop and library pools with regular weight. It can also appear in red chests and golden chests with reduced weight.

If you like the Jimbo's Collection costume, check out Crashpunk's mod, which replaces Bozo costume with this one:
https://steamcommunity.com/sharedfiles/filedetails/?id=3220018710

To be added soon:
-new jokers, more packs and various cards.
-Alternative way of cards/packs spawning, such as replacing cards with 2-3% chance.
-A new challenge.

&gt;If you're playing as Jacob &amp; Esau, you can sell Jacob's Jokers by holding Ctrl, and Esau's Jokers by holding both Q and Ctrl.
Don't forget to drop your consumables first!

&gt;Jokers that take up inventory space now flash red if your inventory space is full.

&gt;21 NEW JOKERS!
&gt;2 NEW DECK CARDS!
&gt;BOOSTER PACK VENDING MACHINES!
(Feb 13th)

FAQ:

Q: I don't like where the joker inventory HUD is!
A: You can change it in the mod's Dead Sea Scrolls Menu options!

Q: How do I sell Jokers?
A: Starting from February 1st, players can now sell jokers in their inventories by pressing and holding Ctrl for long enough! This delay can be changed in the mod's Dead Sea Scrolls Menu.

Credits:
Camper (Project lead, spriter, primary coder)
GDKBB (Secondary coder, helper spriter)
Crashpunk (Jimbo costume)
yaz_dako (Spanish EID translation)
OucalGarlin (Chinese EID translation)
stracto (Italian EID translation)</description>
    <version>1.55</version>
    <visibility>Public</visibility>
    <tag id="Lua"/>
    <tag id="Items"/>
    <tag id="Trinkets"/>
    <tag id="Cards"/>
    <tag id="Pickups"/>
    <tag id="Challenges"/>
    <tag id="Sound Effects"/>
</metadata>
