 <entities anm2root="gfx/" version="5">
	<!-- Standard -->
	<entity anm2path="standard.anm2" baseHP="0" boss="0" champion="0" collisionDamage="0" collisionMass="3" collisionRadius="8" friction="1" id="5" name="Standard Pack" numGridCollisionPoints="24" shadowSize="18" stageHP="0" subtype="1" variant="69101">
        <gibs amount="0" blood="0" bone="0" eye="0" gut="0" large="0"/>
    </entity>
	<!-- Standard Jumbo -->
	<entity anm2path="standard-jumbo.anm2" baseHP="0" boss="0" champion="0" collisionDamage="0" collisionMass="3" collisionRadius="8" friction="1" id="5" name="Standard Pack (Jumbo)" numGridCollisionPoints="24" shadowSize="18" stageHP="0" subtype="1" variant="69102">
        <gibs amount="0" blood="0" bone="0" eye="0" gut="0" large="0"/>
	</entity>
	<!-- Standard Mega -->
	<entity anm2path="standard-mega.anm2" baseHP="0" boss="0" champion="0" collisionDamage="0" collisionMass="3" collisionRadius="8" friction="1" id="5" name="Standard Pack (Mega)" numGridCollisionPoints="24" shadowSize="18" stageHP="0" subtype="1" variant="69103">
        <gibs amount="0" blood="0" bone="0" eye="0" gut="0" large="0"/>
	</entity>
	<!-- Arcana -->
	<entity anm2path="arcana.anm2" baseHP="0" boss="0" champion="0" collisionDamage="0" collisionMass="3" collisionRadius="8" friction="1" id="5" name="Arcana Pack" numGridCollisionPoints="24" shadowSize="18" stageHP="0" subtype="1" variant="69201">
        <gibs amount="0" blood="0" bone="0" eye="0" gut="0" large="0"/>
	</entity>
	<!-- Arcana Jumbo -->
	<entity anm2path="arcana-jumbo.anm2" baseHP="0" boss="0" champion="0" collisionDamage="0" collisionMass="3" collisionRadius="8" friction="1" id="5" name="Arcana Pack (Jumbo)" numGridCollisionPoints="24" shadowSize="18" stageHP="0" subtype="1" variant="69202">
        <gibs amount="0" blood="0" bone="0" eye="0" gut="0" large="0"/>
	</entity>
	<!-- Arcana Mega -->
	<entity anm2path="arcana-mega.anm2" baseHP="0" boss="0" champion="0" collisionDamage="0" collisionMass="3" collisionRadius="8" friction="1" id="5" name="Arcana Pack (Mega)" numGridCollisionPoints="24" shadowSize="18" stageHP="0" subtype="1" variant="69203">
        <gibs amount="0" blood="0" bone="0" eye="0" gut="0" large="0"/>
	</entity>
	<!-- Planet -->
	<entity anm2path="planet.anm2" baseHP="0" boss="0" champion="0" collisionDamage="0" collisionMass="3" collisionRadius="8" friction="1" id="5" name="Planet Pack" numGridCollisionPoints="24" shadowSize="18" stageHP="0" subtype="1" variant="69301">
        <gibs amount="0" blood="0" bone="0" eye="0" gut="0" large="0"/>
	</entity>
	<!-- Planet Jumbo -->
	<entity anm2path="planet-jumbo.anm2" baseHP="0" boss="0" champion="0" collisionDamage="0" collisionMass="3" collisionRadius="8" friction="1" id="5" name="Planet Pack (Jumbo)" numGridCollisionPoints="24" shadowSize="18" stageHP="0" subtype="1" variant="69302">
        <gibs amount="0" blood="0" bone="0" eye="0" gut="0" large="0"/>
	</entity>
	<!-- Planet Mega -->
	<entity anm2path="planet-mega.anm2" baseHP="0" boss="0" champion="0" collisionDamage="0" collisionMass="3" collisionRadius="8" friction="1" id="5" name="Planet Pack (Mega)" numGridCollisionPoints="24" shadowSize="18" stageHP="0" subtype="1" variant="69303">
        <gibs amount="0" blood="0" bone="0" eye="0" gut="0" large="0"/>
	</entity>
	<!-- Buffoon -->
	<entity anm2path="buffoon.anm2" baseHP="0" boss="0" champion="0" collisionDamage="0" collisionMass="3" collisionRadius="8" friction="1" id="5" name="Buffoon Pack" numGridCollisionPoints="24" shadowSize="18" stageHP="0" subtype="1" variant="69401">
        <gibs amount="0" blood="0" bone="0" eye="0" gut="0" large="0"/>
	</entity>
	<!-- Buffoon Jumbo -->
	<entity anm2path="buffoon-jumbo.anm2" baseHP="0" boss="0" champion="0" collisionDamage="0" collisionMass="3" collisionRadius="8" friction="1" id="5" name="Buffoon Pack (Jumbo)" numGridCollisionPoints="24" shadowSize="18" stageHP="0" subtype="1" variant="69402">
        <gibs amount="0" blood="0" bone="0" eye="0" gut="0" large="0"/>
	</entity>
	<!-- Buffoon Mega -->
	<entity anm2path="buffoon-mega.anm2" baseHP="0" boss="0" champion="0" collisionDamage="0" collisionMass="3" collisionRadius="8" friction="1" id="5" name="Buffoon Pack (Mega)" numGridCollisionPoints="24" shadowSize="18" stageHP="0" subtype="1" variant="69403">
        <gibs amount="0" blood="0" bone="0" eye="0" gut="0" large="0"/>
	</entity>
	<!-- Nope Effect -->
	<entity anm2path="Nope.anm2" baseHP="0" boss="0" champion="0" collisionDamage="0" collisionMass="0" collisionRadius="1" friction="1" id="1000" name="Nope" numGridCollisionPoints="0" shadowSize="0" stageHP="0" variant="69501">
        <gibs amount="0" blood="0" bone="0" eye="0" gut="0" large="0" />
    </entity>
	<!-- Jimbo Effect -->
	<entity anm2path="jimbo_particles.anm2" baseHP="0" boss="0" champion="0" collisionDamage="0" collisionMass="0" collisionRadius="1" friction="1" id="1000" name="Jimbo Effect" numGridCollisionPoints="0" shadowSize="0" stageHP="0" variant="69502">
        <gibs amount="0" blood="0" bone="0" eye="0" gut="0" large="0" />
    </entity>
	<!-- Deck Pack -->
	<entity anm2path="deck_booster.anm2" baseHP="0" boss="0" champion="0" collisionDamage="0" collisionMass="3" collisionRadius="8" friction="1" id="5" name="Deck Pack (Torn)" numGridCollisionPoints="24" shadowSize="18" stageHP="0" subtype="1" variant="69601">
        <gibs amount="0" blood="0" bone="0" eye="0" gut="0" large="0"/>
	</entity>
	<!-- Fun Pack -->
	<entity anm2path="fun_booster.anm2" baseHP="0" boss="0" champion="0" collisionDamage="0" collisionMass="3" collisionRadius="8" friction="1" id="5" name="Fun Pack (Torn)" numGridCollisionPoints="24" shadowSize="18" stageHP="0" subtype="1" variant="69602">
        <gibs amount="0" blood="0" bone="0" eye="0" gut="0" large="0"/>
	</entity>
		<!-- Spectral Pack -->
	<entity anm2path="spectral.anm2" baseHP="0" boss="0" champion="0" collisionDamage="0" collisionMass="3" collisionRadius="8" friction="1" id="5" name="Spectral Pack" numGridCollisionPoints="24" shadowSize="18" stageHP="0" subtype="1" variant="7469602">
        <gibs amount="0" blood="0" bone="0" eye="0" gut="0" large="0"/>
	</entity>
	<entity anm2path="spectral-jumbo.anm2" baseHP="0" boss="0" champion="0" collisionDamage="0" collisionMass="3" collisionRadius="8" friction="1" id="5" name="Spectral Pack (Jumbo)" numGridCollisionPoints="24" shadowSize="18" stageHP="0" subtype="1" variant="7469603">
        <gibs amount="0" blood="0" bone="0" eye="0" gut="0" large="0"/>
	</entity>
	<entity anm2path="spectral-mega.anm2" baseHP="0" boss="0" champion="0" collisionDamage="0" collisionMass="3" collisionRadius="8" friction="1" id="5" name="Spectral Pack (Mega)" numGridCollisionPoints="24" shadowSize="18" stageHP="0" subtype="1" variant="7469604">
        <gibs amount="0" blood="0" bone="0" eye="0" gut="0" large="0"/>
	</entity>
	<!--Decks-->
		    <entity name="Plasma Deck Card" anm2path="cardback-plasmadeck.anm2" baseHP="0" boss="0" champion="0" collisionDamage="0" collisionMass="3" collisionRadius="12" friction="1" id="5" numGridCollisionPoints="24" shadowSize="16" stageHP="0" variant="300" subtype="841468" >
        <gibs amount="0" blood="0" bone="0" eye="0" gut="0" large="0" />
    </entity>	
		    <entity name="Abandoned Deck Card" anm2path="cardback-abandoneddeck.anm2" baseHP="0" boss="0" champion="0" collisionDamage="0" collisionMass="3" collisionRadius="12" friction="1" id="5" numGridCollisionPoints="24" shadowSize="16" stageHP="0" variant="300" subtype="841469" >
        <gibs amount="0" blood="0" bone="0" eye="0" gut="0" large="0" />
    </entity>	
	    <entity name="Red Deck Card" anm2path="cardback-reddeck.anm2" baseHP="0" boss="0" champion="0" collisionDamage="0" collisionMass="3" collisionRadius="12" friction="1" id="5" numGridCollisionPoints="24" shadowSize="16" stageHP="0" variant="300" subtype="841470" >
        <gibs amount="0" blood="0" bone="0" eye="0" gut="0" large="0" />
    </entity>	
		    <entity name="Blue Deck Card" anm2path="cardback-bluedeck.anm2" baseHP="0" boss="0" champion="0" collisionDamage="0" collisionMass="3" collisionRadius="12" friction="1" id="5" numGridCollisionPoints="24" shadowSize="16" stageHP="0" variant="300" subtype="841471" >
        <gibs amount="0" blood="0" bone="0" eye="0" gut="0" large="0" />
    </entity>	
		    <entity name="Yellow Deck Card" anm2path="cardback-yellowdeck.anm2" baseHP="0" boss="0" champion="0" collisionDamage="0" collisionMass="3" collisionRadius="12" friction="1" id="5" numGridCollisionPoints="24" shadowSize="16" stageHP="0" variant="300" subtype="841472" >
        <gibs amount="0" blood="0" bone="0" eye="0" gut="0" large="0" />
    </entity>	
		    <entity name="Green Deck Card" anm2path="cardback-greendeck.anm2" baseHP="0" boss="0" champion="0" collisionDamage="0" collisionMass="3" collisionRadius="12" friction="1" id="5" numGridCollisionPoints="24" shadowSize="16" stageHP="0" variant="300" subtype="841473" >
        <gibs amount="0" blood="0" bone="0" eye="0" gut="0" large="0" />
    </entity>	
		    <entity name="Black Deck Card" anm2path="cardback-blackdeck.anm2" baseHP="0" boss="0" champion="0" collisionDamage="0" collisionMass="3" collisionRadius="12" friction="1" id="5" numGridCollisionPoints="24" shadowSize="16" stageHP="0" variant="300" subtype="841474" >
        <gibs amount="0" blood="0" bone="0" eye="0" gut="0" large="0" />
    </entity>	
	<!--Planets-->
		    <entity name="Pluto" anm2path="cardback_planet.anm2" baseHP="0" boss="0" champion="0" collisionDamage="0" collisionMass="3" collisionRadius="12" friction="1" id="5" numGridCollisionPoints="24" shadowSize="16" stageHP="0" variant="300" subtype="841475" >
        <gibs amount="0" blood="0" bone="0" eye="0" gut="0" large="0" />
    </entity>	
		    <entity name="Mercury" anm2path="cardback_planet.anm2" baseHP="0" boss="0" champion="0" collisionDamage="0" collisionMass="3" collisionRadius="12" friction="1" id="5" numGridCollisionPoints="24" shadowSize="16" stageHP="0" variant="300" subtype="841476" >
        <gibs amount="0" blood="0" bone="0" eye="0" gut="0" large="0" />
    </entity>	
		    <entity name="Uranus" anm2path="cardback_planet.anm2" baseHP="0" boss="0" champion="0" collisionDamage="0" collisionMass="3" collisionRadius="12" friction="1" id="5" numGridCollisionPoints="24" shadowSize="16" stageHP="0" variant="300" subtype="841477" >
        <gibs amount="0" blood="0" bone="0" eye="0" gut="0" large="0" />
    </entity>	
		    <entity name="Venus" anm2path="cardback_planet.anm2" baseHP="0" boss="0" champion="0" collisionDamage="0" collisionMass="3" collisionRadius="12" friction="1" id="5" numGridCollisionPoints="24" shadowSize="16" stageHP="0" variant="300" subtype="841478" >
        <gibs amount="0" blood="0" bone="0" eye="0" gut="0" large="0" />
    </entity>	
		    <entity name="Saturn" anm2path="cardback_planet.anm2" baseHP="0" boss="0" champion="0" collisionDamage="0" collisionMass="3" collisionRadius="12" friction="1" id="5" numGridCollisionPoints="24" shadowSize="16" stageHP="0" variant="300" subtype="841479" >
        <gibs amount="0" blood="0" bone="0" eye="0" gut="0" large="0" />
    </entity>	
		    <entity name="Jupiter" anm2path="cardback_planet.anm2" baseHP="0" boss="0" champion="0" collisionDamage="0" collisionMass="3" collisionRadius="12" friction="1" id="5" numGridCollisionPoints="24" shadowSize="16" stageHP="0" variant="300" subtype="841480" >
        <gibs amount="0" blood="0" bone="0" eye="0" gut="0" large="0" />
    </entity>	
		    <entity name="Earth" anm2path="cardback_planet.anm2" baseHP="0" boss="0" champion="0" collisionDamage="0" collisionMass="3" collisionRadius="12" friction="1" id="5" numGridCollisionPoints="24" shadowSize="16" stageHP="0" variant="300" subtype="841481" >
        <gibs amount="0" blood="0" bone="0" eye="0" gut="0" large="0" />
    </entity>	
		    <entity name="Mars" anm2path="cardback_planet.anm2" baseHP="0" boss="0" champion="0" collisionDamage="0" collisionMass="3" collisionRadius="12" friction="1" id="5" numGridCollisionPoints="24" shadowSize="16" stageHP="0" variant="300" subtype="841482" >
        <gibs amount="0" blood="0" bone="0" eye="0" gut="0" large="0" />
    </entity>
		    <entity name="Neptune" anm2path="cardback_planet.anm2" baseHP="0" boss="0" champion="0" collisionDamage="0" collisionMass="3" collisionRadius="12" friction="1" id="5" numGridCollisionPoints="24" shadowSize="16" stageHP="0" variant="300" subtype="841483" >
        <gibs amount="0" blood="0" bone="0" eye="0" gut="0" large="0" />
    </entity>	
	<!--Jokers-->
		<entity name="Joker​​" anm2path="cardback.anm2" baseHP="0" boss="0" champion="0" collisionDamage="0" collisionMass="3" collisionRadius="12" friction="1" id="5" numGridCollisionPoints="24" shadowSize="16" stageHP="0" variant="300" subtype="841484" >
        <gibs amount="0" blood="0" bone="0" eye="0" gut="0" large="0" />
    </entity>
			<entity name="Greedy Joker" anm2path="cardback.anm2" baseHP="0" boss="0" champion="0" collisionDamage="0" collisionMass="3" collisionRadius="12" friction="1" id="5" numGridCollisionPoints="24" shadowSize="16" stageHP="0" variant="300" subtype="841485" >
        <gibs amount="0" blood="0" bone="0" eye="0" gut="0" large="0" />
    </entity>
				<entity name="Lusty Joker" anm2path="cardback.anm2" baseHP="0" boss="0" champion="0" collisionDamage="0" collisionMass="3" collisionRadius="12" friction="1" id="5" numGridCollisionPoints="24" shadowSize="16" stageHP="0" variant="300" subtype="841486" >
        <gibs amount="0" blood="0" bone="0" eye="0" gut="0" large="0" />
    </entity>
				<entity name="Wrathful Joker" anm2path="cardback.anm2" baseHP="0" boss="0" champion="0" collisionDamage="0" collisionMass="3" collisionRadius="12" friction="1" id="5" numGridCollisionPoints="24" shadowSize="16" stageHP="0" variant="300" subtype="841487" >
        <gibs amount="0" blood="0" bone="0" eye="0" gut="0" large="0" />
    </entity>
				<entity name="Gluttonous Joker" anm2path="cardback.anm2" baseHP="0" boss="0" champion="0" collisionDamage="0" collisionMass="3" collisionRadius="12" friction="1" id="5" numGridCollisionPoints="24" shadowSize="16" stageHP="0" variant="300" subtype="841488" >
        <gibs amount="0" blood="0" bone="0" eye="0" gut="0" large="0" />
    </entity>
				<entity name="Jolly Joker" anm2path="cardback.anm2" baseHP="0" boss="0" champion="0" collisionDamage="0" collisionMass="3" collisionRadius="12" friction="1" id="5" numGridCollisionPoints="24" shadowSize="16" stageHP="0" variant="300" subtype="841489" >
        <gibs amount="0" blood="0" bone="0" eye="0" gut="0" large="0" />
    </entity>
				<entity name="Wily Joker" anm2path="cardback.anm2" baseHP="0" boss="0" champion="0" collisionDamage="0" collisionMass="3" collisionRadius="12" friction="1" id="5" numGridCollisionPoints="24" shadowSize="16" stageHP="0" variant="300" subtype="841490" >
        <gibs amount="0" blood="0" bone="0" eye="0" gut="0" large="0" />
    </entity>
				<entity name="Half Joker" anm2path="cardback-torn.anm2" baseHP="0" boss="0" champion="0" collisionDamage="0" collisionMass="3" collisionRadius="12" friction="1" id="5" numGridCollisionPoints="24" shadowSize="16" stageHP="0" variant="300" subtype="841491" >
        <gibs amount="0" blood="0" bone="0" eye="0" gut="0" large="0" />
    </entity>
				<entity name="Joker Stencil" anm2path="cardback-stencil.anm2" baseHP="0" boss="0" champion="0" collisionDamage="0" collisionMass="3" collisionRadius="12" friction="1" id="5" numGridCollisionPoints="24" shadowSize="16" stageHP="0" variant="300" subtype="841492" >
        <gibs amount="0" blood="0" bone="0" eye="0" gut="0" large="0" />
    </entity>
	<!--Note to fellow devs: Make a unique cardback later-->
				<entity name="Mime" anm2path="cardback.anm2" baseHP="0" boss="0" champion="0" collisionDamage="0" collisionMass="3" collisionRadius="12" friction="1" id="5" numGridCollisionPoints="24" shadowSize="16" stageHP="0" variant="300" subtype="841493" >
        <gibs amount="0" blood="0" bone="0" eye="0" gut="0" large="0" />
    </entity>
				<entity name="Marble Joker" anm2path="cardback.anm2" baseHP="0" boss="0" champion="0" collisionDamage="0" collisionMass="3" collisionRadius="12" friction="1" id="5" numGridCollisionPoints="24" shadowSize="16" stageHP="0" variant="300" subtype="841494" >
        <gibs amount="0" blood="0" bone="0" eye="0" gut="0" large="0" />
    </entity>
				<entity name="8 Ball" anm2path="cardback.anm2" baseHP="0" boss="0" champion="0" collisionDamage="0" collisionMass="3" collisionRadius="12" friction="1" id="5" numGridCollisionPoints="24" shadowSize="16" stageHP="0" variant="300" subtype="841495" >
        <gibs amount="0" blood="0" bone="0" eye="0" gut="0" large="0" />
    </entity>
				<entity name="Misprint" anm2path="cardback.anm2" baseHP="0" boss="0" champion="0" collisionDamage="0" collisionMass="3" collisionRadius="12" friction="1" id="5" numGridCollisionPoints="24" shadowSize="16" stageHP="0" variant="300" subtype="841496" >
        <gibs amount="0" blood="0" bone="0" eye="0" gut="0" large="0" />
    </entity>
				<entity name="Raised Fist" anm2path="cardback.anm2" baseHP="0" boss="0" champion="0" collisionDamage="0" collisionMass="3" collisionRadius="12" friction="1" id="5" numGridCollisionPoints="24" shadowSize="16" stageHP="0" variant="300" subtype="841497" >
        <gibs amount="0" blood="0" bone="0" eye="0" gut="0" large="0" />
    </entity>
				<entity name="Fibonacci" anm2path="cardback.anm2" baseHP="0" boss="0" champion="0" collisionDamage="0" collisionMass="3" collisionRadius="12" friction="1" id="5" numGridCollisionPoints="24" shadowSize="16" stageHP="0" variant="300" subtype="841498" >
        <gibs amount="0" blood="0" bone="0" eye="0" gut="0" large="0" />
    </entity>
				<entity name="Scary Face" anm2path="cardback.anm2" baseHP="0" boss="0" champion="0" collisionDamage="0" collisionMass="3" collisionRadius="12" friction="1" id="5" numGridCollisionPoints="24" shadowSize="16" stageHP="0" variant="300" subtype="841499" >
        <gibs amount="0" blood="0" bone="0" eye="0" gut="0" large="0" />
    </entity>
				<entity name="Hack" anm2path="cardback.anm2" baseHP="0" boss="0" champion="0" collisionDamage="0" collisionMass="3" collisionRadius="12" friction="1" id="5" numGridCollisionPoints="24" shadowSize="16" stageHP="0" variant="300" subtype="841500" >
        <gibs amount="0" blood="0" bone="0" eye="0" gut="0" large="0" />
    </entity>
				<entity name="Gros Michel" anm2path="cardback.anm2" baseHP="0" boss="0" champion="0" collisionDamage="0" collisionMass="3" collisionRadius="12" friction="1" id="5" numGridCollisionPoints="24" shadowSize="16" stageHP="0" variant="300" subtype="841501" >
        <gibs amount="0" blood="0" bone="0" eye="0" gut="0" large="0" />
    </entity>
				<entity name="Supernova" anm2path="cardback.anm2" baseHP="0" boss="0" champion="0" collisionDamage="0" collisionMass="3" collisionRadius="12" friction="1" id="5" numGridCollisionPoints="24" shadowSize="16" stageHP="0" variant="300" subtype="841502" >
        <gibs amount="0" blood="0" bone="0" eye="0" gut="0" large="0" />
    </entity>
				<entity name="Space Joker" anm2path="cardback.anm2" baseHP="0" boss="0" champion="0" collisionDamage="0" collisionMass="3" collisionRadius="12" friction="1" id="5" numGridCollisionPoints="24" shadowSize="16" stageHP="0" variant="300" subtype="841503" >
        <gibs amount="0" blood="0" bone="0" eye="0" gut="0" large="0" />
    </entity>
					<entity name="Egg" anm2path="cardback.anm2" baseHP="0" boss="0" champion="0" collisionDamage="0" collisionMass="3" collisionRadius="12" friction="1" id="5" numGridCollisionPoints="24" shadowSize="16" stageHP="0" variant="300" subtype="841504" >
        <gibs amount="0" blood="0" bone="0" eye="0" gut="0" large="0" />
    </entity>
				<entity name="Blackboard" anm2path="cardback.anm2" baseHP="0" boss="0" champion="0" collisionDamage="0" collisionMass="3" collisionRadius="12" friction="1" id="5" numGridCollisionPoints="24" shadowSize="16" stageHP="0" variant="300" subtype="841505" >
        <gibs amount="0" blood="0" bone="0" eye="0" gut="0" large="0" />
    </entity>	
				<entity name="Blue Joker" anm2path="cardback.anm2" baseHP="0" boss="0" champion="0" collisionDamage="0" collisionMass="3" collisionRadius="12" friction="1" id="5" numGridCollisionPoints="24" shadowSize="16" stageHP="0" variant="300" subtype="841506" >
        <gibs amount="0" blood="0" bone="0" eye="0" gut="0" large="0" />
    </entity>
				<entity name="Square Joker" anm2path="cardback-square.anm2" baseHP="0" boss="0" champion="0" collisionDamage="0" collisionMass="3" collisionRadius="12" friction="1" id="5" numGridCollisionPoints="24" shadowSize="16" stageHP="0" variant="300" subtype="841507" >
        <gibs amount="0" blood="0" bone="0" eye="0" gut="0" large="0" />
    </entity>
				<entity name="Riff-Raff" anm2path="cardback.anm2" baseHP="0" boss="0" champion="0" collisionDamage="0" collisionMass="3" collisionRadius="12" friction="1" id="5" numGridCollisionPoints="24" shadowSize="16" stageHP="0" variant="300" subtype="841508" >
        <gibs amount="0" blood="0" bone="0" eye="0" gut="0" large="0" />
    </entity>
				<entity name="Vampire" anm2path="cardback.anm2" baseHP="0" boss="0" champion="0" collisionDamage="0" collisionMass="3" collisionRadius="12" friction="1" id="5" numGridCollisionPoints="24" shadowSize="16" stageHP="0" variant="300" subtype="841509" >
        <gibs amount="0" blood="0" bone="0" eye="0" gut="0" large="0" />
    </entity>
				<entity name="Vagabond" anm2path="cardback.anm2" baseHP="0" boss="0" champion="0" collisionDamage="0" collisionMass="3" collisionRadius="12" friction="1" id="5" numGridCollisionPoints="24" shadowSize="16" stageHP="0" variant="300" subtype="841510" >
        <gibs amount="0" blood="0" bone="0" eye="0" gut="0" large="0" />
    </entity>
				<entity name="Rocket" anm2path="cardback.anm2" baseHP="0" boss="0" champion="0" collisionDamage="0" collisionMass="3" collisionRadius="12" friction="1" id="5" numGridCollisionPoints="24" shadowSize="16" stageHP="0" variant="300" subtype="841511" >
        <gibs amount="0" blood="0" bone="0" eye="0" gut="0" large="0" />
    </entity>
				<entity name="Hologram" anm2path="cardback.anm2" baseHP="0" boss="0" champion="0" collisionDamage="0" collisionMass="3" collisionRadius="12" friction="1" id="5" numGridCollisionPoints="24" shadowSize="16" stageHP="0" variant="300" subtype="841512" >
        <gibs amount="0" blood="0" bone="0" eye="0" gut="0" large="0" />
    </entity>
				<entity name="Turtle Bean" anm2path="cardback.anm2" baseHP="0" boss="0" champion="0" collisionDamage="0" collisionMass="3" collisionRadius="12" friction="1" id="5" numGridCollisionPoints="24" shadowSize="16" stageHP="0" variant="300" subtype="841513" >
        <gibs amount="0" blood="0" bone="0" eye="0" gut="0" large="0" />
    </entity>
				<entity name="Ice Cream" anm2path="cardback.anm2" baseHP="0" boss="0" champion="0" collisionDamage="0" collisionMass="3" collisionRadius="12" friction="1" id="5" numGridCollisionPoints="24" shadowSize="16" stageHP="0" variant="300" subtype="841514" >
        <gibs amount="0" blood="0" bone="0" eye="0" gut="0" large="0" />
    </entity>
				<entity name="Baron" anm2path="cardback.anm2" baseHP="0" boss="0" champion="0" collisionDamage="0" collisionMass="3" collisionRadius="12" friction="1" id="5" numGridCollisionPoints="24" shadowSize="16" stageHP="0" variant="300" subtype="841515" >
        <gibs amount="0" blood="0" bone="0" eye="0" gut="0" large="0" />
    </entity>
				<entity name="Baseball Card" anm2path="cardback.anm2" baseHP="0" boss="0" champion="0" collisionDamage="0" collisionMass="3" collisionRadius="12" friction="1" id="5" numGridCollisionPoints="24" shadowSize="16" stageHP="0" variant="300" subtype="841516" >
        <gibs amount="0" blood="0" bone="0" eye="0" gut="0" large="0" />
    </entity>
				<entity name="Fortune Teller" anm2path="cardback.anm2" baseHP="0" boss="0" champion="0" collisionDamage="0" collisionMass="3" collisionRadius="12" friction="1" id="5" numGridCollisionPoints="24" shadowSize="16" stageHP="0" variant="300" subtype="841517" >
        <gibs amount="0" blood="0" bone="0" eye="0" gut="0" large="0" />
    </entity>	
	<!--Val.Update-->
				<entity name="Shoot The Moon" anm2path="cardback.anm2" baseHP="0" boss="0" champion="0" collisionDamage="0" collisionMass="3" collisionRadius="12" friction="1" id="5" numGridCollisionPoints="24" shadowSize="16" stageHP="0" variant="300" subtype="841518" >
        <gibs amount="0" blood="0" bone="0" eye="0" gut="0" large="0" />
    </entity>
				<entity name="Juggler" anm2path="cardback.anm2" baseHP="0" boss="0" champion="0" collisionDamage="0" collisionMass="3" collisionRadius="12" friction="1" id="5" numGridCollisionPoints="24" shadowSize="16" stageHP="0" variant="300" subtype="841519" >
        <gibs amount="0" blood="0" bone="0" eye="0" gut="0" large="0" />
    </entity>
				<entity name="Splash" anm2path="cardback.anm2" baseHP="0" boss="0" champion="0" collisionDamage="0" collisionMass="3" collisionRadius="12" friction="1" id="5" numGridCollisionPoints="24" shadowSize="16" stageHP="0" variant="300" subtype="841520" >
        <gibs amount="0" blood="0" bone="0" eye="0" gut="0" large="0" />
    </entity>
				<entity name="Photo" anm2path="cardback-square.anm2" baseHP="0" boss="0" champion="0" collisionDamage="0" collisionMass="3" collisionRadius="12" friction="1" id="5" numGridCollisionPoints="24" shadowSize="16" stageHP="0" variant="300" subtype="841521" >
        <gibs amount="0" blood="0" bone="0" eye="0" gut="0" large="0" />
    </entity>
				<entity name="Hanging Chad" anm2path="cardback-chad.anm2" baseHP="0" boss="0" champion="0" collisionDamage="0" collisionMass="3" collisionRadius="12" friction="1" id="5" numGridCollisionPoints="24" shadowSize="16" stageHP="0" variant="300" subtype="841522" >
        <gibs amount="0" blood="0" bone="0" eye="0" gut="0" large="0" />
    </entity>
				<entity name="Superposition" anm2path="cardback.anm2" baseHP="0" boss="0" champion="0" collisionDamage="0" collisionMass="3" collisionRadius="12" friction="1" id="5" numGridCollisionPoints="24" shadowSize="16" stageHP="0" variant="300" subtype="841523" >
        <gibs amount="0" blood="0" bone="0" eye="0" gut="0" large="0" />
    </entity>
				<entity name="Chaos the Clown" anm2path="cardback.anm2" baseHP="0" boss="0" champion="0" collisionDamage="0" collisionMass="3" collisionRadius="12" friction="1" id="5" numGridCollisionPoints="24" shadowSize="16" stageHP="0" variant="300" subtype="841524" >
        <gibs amount="0" blood="0" bone="0" eye="0" gut="0" large="0" />
    </entity>
				<entity name="Abstract Joker" anm2path="cardback.anm2" baseHP="0" boss="0" champion="0" collisionDamage="0" collisionMass="3" collisionRadius="12" friction="1" id="5" numGridCollisionPoints="24" shadowSize="16" stageHP="0" variant="300" subtype="841525" >
        <gibs amount="0" blood="0" bone="0" eye="0" gut="0" large="0" />
    </entity>
				<entity name="Madness" anm2path="cardback.anm2" baseHP="0" boss="0" champion="0" collisionDamage="0" collisionMass="3" collisionRadius="12" friction="1" id="5" numGridCollisionPoints="24" shadowSize="16" stageHP="0" variant="300" subtype="841526" >
        <gibs amount="0" blood="0" bone="0" eye="0" gut="0" large="0" />
    </entity>
				<entity name="Pareidolia" anm2path="cardback.anm2" baseHP="0" boss="0" champion="0" collisionDamage="0" collisionMass="3" collisionRadius="12" friction="1" id="5" numGridCollisionPoints="24" shadowSize="16" stageHP="0" variant="300" subtype="841527" >
        <gibs amount="0" blood="0" bone="0" eye="0" gut="0" large="0" />
    </entity>
				<entity name="Steel Joker" anm2path="cardback.anm2" baseHP="0" boss="0" champion="0" collisionDamage="0" collisionMass="3" collisionRadius="12" friction="1" id="5" numGridCollisionPoints="24" shadowSize="16" stageHP="0" variant="300" subtype="841528" >
        <gibs amount="0" blood="0" bone="0" eye="0" gut="0" large="0" />
    </entity>
				<entity name="Golden Ticket" anm2path="cardback.anm2" baseHP="0" boss="0" champion="0" collisionDamage="0" collisionMass="3" collisionRadius="12" friction="1" id="5" numGridCollisionPoints="24" shadowSize="16" stageHP="0" variant="300" subtype="841529" >
        <gibs amount="0" blood="0" bone="0" eye="0" gut="0" large="0" />
    </entity>
				<entity name="DNA" anm2path="cardback.anm2" baseHP="0" boss="0" champion="0" collisionDamage="0" collisionMass="3" collisionRadius="12" friction="1" id="5" numGridCollisionPoints="24" shadowSize="16" stageHP="0" variant="300" subtype="841530" >
        <gibs amount="0" blood="0" bone="0" eye="0" gut="0" large="0" />
    </entity>
				<entity name="Glass Joker" anm2path="cardback.anm2" baseHP="0" boss="0" champion="0" collisionDamage="0" collisionMass="3" collisionRadius="12" friction="1" id="5" numGridCollisionPoints="24" shadowSize="16" stageHP="0" variant="300" subtype="841531" >
        <gibs amount="0" blood="0" bone="0" eye="0" gut="0" large="0" />
    </entity>
				<entity name="Diet Cola" anm2path="cardback.anm2" baseHP="0" boss="0" champion="0" collisionDamage="0" collisionMass="3" collisionRadius="12" friction="1" id="5" numGridCollisionPoints="24" shadowSize="16" stageHP="0" variant="300" subtype="841532" >
        <gibs amount="0" blood="0" bone="0" eye="0" gut="0" large="0" />
    </entity>
				<entity name="Oops! All 6s" anm2path="cardback.anm2" baseHP="0" boss="0" champion="0" collisionDamage="0" collisionMass="3" collisionRadius="12" friction="1" id="5" numGridCollisionPoints="24" shadowSize="16" stageHP="0" variant="300" subtype="841533" >
        <gibs amount="0" blood="0" bone="0" eye="0" gut="0" large="0" />
    </entity>
				<entity name="Smeared Joker" anm2path="cardback.anm2" baseHP="0" boss="0" champion="0" collisionDamage="0" collisionMass="3" collisionRadius="12" friction="1" id="5" numGridCollisionPoints="24" shadowSize="16" stageHP="0" variant="300" subtype="841534" >
        <gibs amount="0" blood="0" bone="0" eye="0" gut="0" large="0" />
    </entity>
				<entity name="Blueprint" anm2path="cardback.anm2" baseHP="0" boss="0" champion="0" collisionDamage="0" collisionMass="3" collisionRadius="12" friction="1" id="5" numGridCollisionPoints="24" shadowSize="16" stageHP="0" variant="300" subtype="841535" >
        <gibs amount="0" blood="0" bone="0" eye="0" gut="0" large="0" />
    </entity>
				<entity name="Erosion" anm2path="cardback.anm2" baseHP="0" boss="0" champion="0" collisionDamage="0" collisionMass="3" collisionRadius="12" friction="1" id="5" numGridCollisionPoints="24" shadowSize="16" stageHP="0" variant="300" subtype="841536" >
        <gibs amount="0" blood="0" bone="0" eye="0" gut="0" large="0" />
    </entity>
				<entity name="Wee Joker" anm2path="cardback-tiny.anm2" baseHP="0" boss="0" champion="0" collisionDamage="0" collisionMass="3" collisionRadius="12" friction="1" id="5" numGridCollisionPoints="24" shadowSize="16" stageHP="0" variant="300" subtype="841537" >
        <gibs amount="0" blood="0" bone="0" eye="0" gut="0" large="0" />
    </entity>	
				<entity name="Brainstorm" anm2path="cardback.anm2" baseHP="0" boss="0" champion="0" collisionDamage="0" collisionMass="3" collisionRadius="12" friction="1" id="5" numGridCollisionPoints="24" shadowSize="16" stageHP="0" variant="300" subtype="841538" >
        <gibs amount="0" blood="0" bone="0" eye="0" gut="0" large="0" />
    </entity>	
	<!--SPectral-->
	
				<entity name="Grim" anm2path="cardback-spectral.anm2" baseHP="0" boss="0" champion="0" collisionDamage="0" collisionMass="3" collisionRadius="12" friction="1" id="5" numGridCollisionPoints="24" shadowSize="16" stageHP="0" variant="300" subtype="45841513" >
        <gibs amount="0" blood="0" bone="0" eye="0" gut="0" large="0" />
    </entity>
				<entity name="Ouija" anm2path="cardback-spectral.anm2" baseHP="0" boss="0" champion="0" collisionDamage="0" collisionMass="3" collisionRadius="12" friction="1" id="5" numGridCollisionPoints="24" shadowSize="16" stageHP="0" variant="300" subtype="45841514" >
        <gibs amount="0" blood="0" bone="0" eye="0" gut="0" large="0" />
    </entity>
				<entity name="Hex" anm2path="cardback-spectral.anm2" baseHP="0" boss="0" champion="0" collisionDamage="0" collisionMass="3" collisionRadius="12" friction="1" id="5" numGridCollisionPoints="24" shadowSize="16" stageHP="0" variant="300" subtype="45841515" >
        <gibs amount="0" blood="0" bone="0" eye="0" gut="0" large="0" />
    </entity>
				<entity name="Wraith" anm2path="cardback-spectral.anm2" baseHP="0" boss="0" champion="0" collisionDamage="0" collisionMass="3" collisionRadius="12" friction="1" id="5" numGridCollisionPoints="24" shadowSize="16" stageHP="0" variant="300" subtype="45841516" >
        <gibs amount="0" blood="0" bone="0" eye="0" gut="0" large="0" />
    </entity>
				<entity name="Cryptid" anm2path="cardback-spectral.anm2" baseHP="0" boss="0" champion="0" collisionDamage="0" collisionMass="3" collisionRadius="12" friction="1" id="5" numGridCollisionPoints="24" shadowSize="16" stageHP="0" variant="300" subtype="45841517" >
        <gibs amount="0" blood="0" bone="0" eye="0" gut="0" large="0" />
    </entity>	
				<entity name="The Soul" anm2path="cardback-spectral.anm2" baseHP="0" boss="0" champion="0" collisionDamage="0" collisionMass="3" collisionRadius="12" friction="1" id="5" numGridCollisionPoints="24" shadowSize="16" stageHP="0" variant="300" subtype="45841518" >
        <gibs amount="0" blood="0" bone="0" eye="0" gut="0" large="0" />
    </entity>	


		<entity name="Perkeo Joker Card" anm2path="legendary-perkeo.anm2" baseHP="0" boss="0" champion="0" collisionDamage="0" collisionMass="3" collisionRadius="12" friction="1" id="5" numGridCollisionPoints="24" shadowSize="16" stageHP="0" variant="45841518" subtype="1" >
        <gibs amount="0" blood="0" bone="0" eye="0" gut="0" large="0" />
    </entity>	
		<entity name="Canio Joker Card" anm2path="legendary-canio.anm2" baseHP="0" boss="0" champion="0" collisionDamage="0" collisionMass="3" collisionRadius="12" friction="1" id="5" numGridCollisionPoints="24" shadowSize="16" stageHP="0" variant="45841519" subtype="1" >
        <gibs amount="0" blood="0" bone="0" eye="0" gut="0" large="0" />
    </entity>	
		<entity name="Chicot Joker Card" anm2path="legendary-chicot.anm2" baseHP="0" boss="0" champion="0" collisionDamage="0" collisionMass="3" collisionRadius="12" friction="1" id="5" numGridCollisionPoints="24" shadowSize="16" stageHP="0" variant="45841520" subtype="1" >
        <gibs amount="0" blood="0" bone="0" eye="0" gut="0" large="0" />
    </entity>	
		<entity name="Triboulet Joker Card" anm2path="legendary-triboulet.anm2" baseHP="0" boss="0" champion="0" collisionDamage="0" collisionMass="3" collisionRadius="12" friction="1" id="5" numGridCollisionPoints="24" shadowSize="16" stageHP="0" variant="45841521" subtype="1" >
        <gibs amount="0" blood="0" bone="0" eye="0" gut="0" large="0" />
    </entity>	
		<entity name="Yorick Joker Card" anm2path="legendary-yorick.anm2" baseHP="0" boss="0" champion="0" collisionDamage="0" collisionMass="3" collisionRadius="12" friction="1" id="5" numGridCollisionPoints="24" shadowSize="16" stageHP="0" variant="45841522" subtype="1" >
        <gibs amount="0" blood="0" bone="0" eye="0" gut="0" large="0" />
    </entity>		

	    <entity anm2path="booster_pack_vending_machine.anm2" baseHP="0" boss="0" champion="0" collisionDamage="0" collisionMass="3" collisionRadius="12" friction="1" id="6" name="Balatro Booster Vending Machine" numGridCollisionPoints="24" shadowSize="33" stageHP="0" variant="82063139">
        <gibs amount="0" blood="0" bone="0" eye="0" gut="0" large="0" />
    </entity>
	<!--Square uses unique cardback-->
	<!-- Half uses torn cardback -->
 </entities>