<ItemPools>
	<Pool Name="shop">
		<Item Name="Jimbo's Collection" Weight="1" DecreaseBy="1" RemoveOn="0.1"/>
	</Pool>
	<Pool Name="library">
		<Item Name="Jimbo's Collection" Weight="1" DecreaseBy="1" RemoveOn="0.1"/>
	</Pool>
	<Pool Name="goldenChest">
		<Item Name="Jimbo's Collection" Weight="0.5" DecreaseBy="0.5" RemoveOn="0.1"/>
	</Pool>
	<Pool Name="redChest">
		<Item Name="Jimbo's Collection" Weight="0.5" DecreaseBy="0.5" RemoveOn="0.1"/>
	</Pool>
	<Pool Name="greedShop">
		<Item Name="Jimbo's Collection" Weight="1" DecreaseBy="1" RemoveOn="0.1"/>
	</Pool>
</ItemPools>
