<items gfxroot="gfx/items/" deathanm2="gfx/death_items.anm2" version="1">
	<passive id="1" cache="tearcolor" description="You handsome devil" gfx="jimbos_collection.png" name="Jimbo's Collection" quality="3" craftquality="3" tags="book offensive"/>
	<!-- Vouchers -->
	<trinket id="2" cache="" name="Torn Voucher" description="More packs!" gfx="torn_voucher.png"/>
	<trinket id="3" cache="" name="Wasteful Voucher" description="More packs and pennies!" gfx="wasteful_voucher.png" hidden="true"/>
	<trinket id="4" cache="" name="Tarot Voucher" description="More packs and tarot cards!" gfx="tarot_voucher.png" hidden="true"/>
	<trinket id="5" cache="" name="Planet Voucher" description="More packs and planet cards!" gfx="planet_voucher.png" hidden="true"/>
	<trinket id="6" cache="" name="Seed Voucher" description="More packs and coins!" gfx="seed_voucher.png" hidden="true"/>
	<trinket id="7" cache="" name="Director's Voucher" description="More packs and rerolls!" gfx="directors_voucher.png" hidden="true"/>
	<trinket id="8" cache="" name="Hone Voucher" description="More packs and mega packs!" gfx="hone_voucher.png" hidden="true"/>
	<trinket id="9" cache="" name="Overstock Voucher" description="More packs and pickups!" gfx="overstock_voucher.png" hidden="true"/>
	<trinket id="10" cache="" name="Magic Voucher" description="More packs and deck cards!" gfx="magic_voucher.png" hidden="true"/>
	<trinket id="11" cache="" name="Clearance Voucher" description="More packs and discounts!" gfx="clearance_voucher.png" hidden="true"/>
	<trinket id="12" cache="" name="Reroll Voucher" description="More packs and shop rerolls!" gfx="reroll_voucher.png" hidden="true"/>
	<trinket id="13" cache="" name="Hieroglyph Voucher" description="More packs and less bosses!" gfx="hieroglyph_voucher.png" hidden="true"/>
	<trinket id="14" cache="all" name="Blank Voucher" description="Does nothing?" gfx="blank_voucher.png" tags="quest" />
	<!-- Misc Trinkets -->
	<trinket id="14" cache="" name="Card House" description="Balanced just right" gfx="house_of_cards.png"/>
	<trinket id="15" cache="" name="Cheap Suit" description="Folded but still works" gfx="cheap_suit.png"/>
	<trinket id="16" cache="" name="First Edition" description="Is that rare?" gfx="first_edition.png"/>
	<trinket id="17" cache="" name="Stone Card" description="It's crumbling away" gfx="stone_card.png"/>
	<trinket id="18" cache="" name="Double Stakes" description="Paid with coins and blood" gfx="double_stakes.png"/>
</items>