 <pocketitems>
	<!-- Deck Cards -->
	<card description="Perfectly Balanced" hud="PlasmaDeck" name="Plasma Deck Card" mimiccharge="12"  pickup="841468" />
	<card description="No champions for the floor...?" hud="AbandonedDeck" name="Abandoned Deck Card" mimiccharge="4" pickup="841469"/>		
	<card description="-1 enemy and less curses?" hud="RedDeck" name="Red Deck Card" mimiccharge="6" pickup="841470" />
	<card description="+1 tear and more items?" hud="BlueDeck" name="Blue Deck Card" mimiccharge="4" pickup="841471" />
	<card description="+10 coins and more wealth?" hud="YellowDeck" name="Yellow Deck Card" mimiccharge="12" pickup="841472" />
	<card description="+1 coin reward and more coins?" hud="GreenDeck" name="Green Deck Card" mimiccharge="12"  pickup="841473" />
	<card description="-X pickups and +X jokers?" hud="BlackDeck" name="Black Deck Card" mimiccharge="4" pickup="841474"/>
	<!-- Planet Cards -->
	<card description="The stars are calling" hud="Pluto" name="Pluto" mimiccharge="8"  pickup="841475"/>
	<card description="The stars are calling" hud="Mercury" name="Mercury" mimiccharge="8" pickup="841476"/>
	<card description="The stars are calling" hud="Uranus" name="Uranus" mimiccharge="8" pickup="841477"/>
	<card description="The stars are calling" hud="Venus" name="Venus" mimiccharge="8" pickup="841478"/>
	<card description="The stars are calling" hud="Saturn" name="Saturn" mimiccharge="8" pickup="841479"/>
	<card description="The stars are calling" hud="Jupiter" name="Jupiter" mimiccharge="8" pickup="841480"/>
	<card description="The stars are calling" hud="Earth" name="Earth" mimiccharge="8" pickup="841481"/>
	<card description="The stars are calling" hud="Mars" name="Mars" mimiccharge="8" pickup="841482"/>
	<card description="The stars are calling" hud="Neptune" name="Neptune" mimiccharge="8" pickup="841483"/>
	<!-- Jokers -->
	<card description="DMG up" hud="Joker_Jimbo" name="Joker​​" mimiccharge="12" pickup="841484"/>
	<card description="$$$ = DMG up" hud="Greedy Joker" name="Greedy Joker" mimiccharge="12" pickup="841485"/>
	<card description="<3 = DMG up" hud="Lusty Joker" name="Lusty Joker" mimiccharge="12" pickup="841486"/>
	<card description="Answers are power" hud="Wrathful Joker" name="Wrathful Joker" mimiccharge="12" pickup="841487"/>
	<card description="Chaos is power" hud="Gluttonous Joker" name="Gluttonous Joker" mimiccharge="12" pickup="841488"/>
	<card description="Temporary DMG up every two kills" hud="Jolly Joker" name="Jolly Joker" mimiccharge="4" pickup="841489"/>
	<card description="Temporary tears up every three kills" hud="Wily Joker" name="Wily Joker" mimiccharge="4" pickup="841490"/>
	<card description="Now it's their turn to be torn" hud="Half Joker" name="Half Joker" mimiccharge="4" pickup="841491"/>
	<card description="Emptiness is power" hud="Joker Stencil" name="Joker Stencil" mimiccharge="16" pickup="841492"/>
	<card description="..." hud="Mime" name="Mime" mimiccharge="2" pickup="841493"/>
	<card description="Petrification" hud="Marble Joker" name="Marble Joker" mimiccharge="2" pickup="841494"/>
	<card description="Better not tell you now" hud="8 Ball" name="8 Ball" mimiccharge="12" pickup="841495"/>
	<card description="Error: Attempt to perform arithmetic on a nil value" hud="Misprint" name="Misprint" mimiccharge="4"  pickup="841496"/>
	<card description="Defiance" hud="Raised Fist" name="Raised Fist" mimiccharge="12"  pickup="841497"/>
	<card description="Fibonacci pickups = DMG up" hud="Fibonacci" name="Fibonacci" mimiccharge="4"  pickup="841498"/>
	<card description="Scary but rewarding" hud="Scary Face" name="Scary Face" mimiccharge="12"  pickup="841499"/>
	<card description="We do a little bit of cheating" hud="Hack" name="Hack" mimiccharge="4" pickup="841500"/>
	<card description="DMG up when held, rots away without warning" hud="Gros Michel" name="Gros Michel" mimiccharge="1"  pickup="841501"/>
	<card description="More stars!" hud="Supernova" name="Supernova" mimiccharge="12"  pickup="841502" />
	<card description="To infinity and beyond" hud="Space Joker" name="Space Joker" mimiccharge="6" pickup="841503" />
	<card description="Hatches into money" hud="Egg" name="Egg" mimiccharge="6" pickup="841504" />
	<card description="Balance power" hud="Blackboard" name="Blackboard" mimiccharge="6" pickup="841505" />
	<card description="Card eater + Tears up" hud="Blue Joker" name="Blue Joker" mimiccharge="6" pickup="841506" />
	<card description="4 foes, 4 sides, +4 tears up" hud="Square Joker" name="Square Joker" mimiccharge="4" pickup="841507" />
	<card description="Quantity over quality" hud="Riff-Raff" name="Riff-Raff" mimiccharge="12" pickup="841508" />
	<card description="Bleed them dry" hud="Vampire" name="Vampire" mimiccharge="12" pickup="841509" />
	<card description="Poverty magic" hud="Vagabond" name="Vagabond" mimiccharge="12" pickup="841510" />
	<card description="Value up!" hud="Rocket" name="Rocket" mimiccharge="12" pickup="841511" />
	<card description="The vision lingers" hud="Hologram" name="Hologram" mimiccharge="12" pickup="841512" />
	<!--New Jokers-->
	<card description="Farts + Tear count way up for a while" hud="TurtleBean" name="Turtle Bean" mimiccharge="6" pickup="841513" />
	<card description="Tastes so good you could cry!" hud="IceCreamJoker" name="Ice Cream" mimiccharge="12" pickup="841514" />
	<card description="Greater greatness" hud="BaronJoker" name="Baron" mimiccharge="12" pickup="841515" />
	<card description="More jokers, more power" hud="Baseball Card" name="Baseball Card" mimiccharge="12" pickup="841516" />
	<card description="Psychic strength" hud="FortuneTeller" name="Fortune Teller" mimiccharge="12" pickup="841517" />	
	<!--Valentines Update Jokers-->
	<card description="Queenly strength" hud="ShootTheMoon" name="Shoot The Moon" mimiccharge="12" pickup="841518" />
	<card description="Hand size up!" hud="JugglerBalatro" name="Juggler" mimiccharge="12" pickup="841519" />
	<card description="Splash damage" hud="SplashBalatro" name="Splash" mimiccharge="12" pickup="841520" />
	<card description="Say Cheese!" hud="PhotoBalatro" name="Photo" mimiccharge="12" pickup="841521" />
	<card description="Something went wrong, gotta double-check again..." hud="HangingChadBalatro" name="Hanging Chad" mimiccharge="12" pickup="841522" />
	<card description="What a flop!" hud="SuperpositionBalatro" name="Superposition" mimiccharge="12" pickup="841523" />
	<card description="Free reroll!" hud="ChaosTheClown" name="Chaos the Clown" mimiccharge="12" pickup="841524" />
	<card description="So bizarre..." hud="AbstractJoker" name="Abstract Joker" mimiccharge="12" pickup="841525" />
	<card description="hehehehe... HAHAHAHAHAHAHAAA!!!!!!!!!!" hud="MadnessJoker" name="Madness" mimiccharge="12" pickup="841526" />
	<card description="Why the heck does this look like a face???" hud="PareidoliaJoker" name="Pareidolia" mimiccharge="12" pickup="841527" />	
<!-- -->	
	<card description="Watch out for wooden guns..." hud="SteelJoker" name="Steel Joker" mimiccharge="12" pickup="841528" />
	<card description="Not affiliated with any confectionery companies" hud="GoldenTicketBalatro" name="Golden Ticket" mimiccharge="12" pickup="841529" />
	<card description="Isaac, and his Isaac, and his Isaac, and..." hud="DNABalatro" name="DNA" mimiccharge="12" pickup="841530" />
	<card description="Kills the point of playing cards...?" hud="GlassJoker" name="Glass Joker" mimiccharge="12" pickup="841531" />
	<card description="They yearn for your bottlecaps" hud="DietColaBalatro" name="Diet Cola" mimiccharge="12" pickup="841532" />
	<card description="Rig-a-tize me, Cap'n!" hud="OopsAll6sBalatro" name="Oops! All 6s" mimiccharge="12" pickup="841533" />
	<card description="Bombs are key, blood is money" hud="SmearedJoker" name="Smeared Joker" mimiccharge="12" pickup="841534" />
	<card description="Item mimic" hud="BlueprintBalatro" name="Blueprint" mimiccharge="12" pickup="841535" />
	<card description="Crumbling apart" hud="ErosionBalatro" name="Erosion" mimiccharge="12" pickup="841536" />
	<card description="so tiny" hud="WeeJoker" name="Wee Joker" mimiccharge="12" pickup="841537" />			
	<card description="Joker mimic" hud="BrainstormBalatro" name="Brainstorm" mimiccharge="999" pickup="841538" />				
	<!-- Fun Cards -->
	<!--
	<card description="No tokens required" hud="CheeseBall" name="Cheese Ball" />
	<card description="No tokens required" hud="HostileAliens" name="Hostile Aliens" />
	<card description="No tokens required" hud="MadGorilla" name="Mad Gorilla" />
	-->
	<!--Spectral Cards-->
	<card description="Alright, buddy, you have two options here..." hud="GrimBalatro" name="Grim" mimiccharge="12" pickup="45841513" />
	<card description="Three of them... at a cost!" hud="OuijaBalatro" name="Ouija" mimiccharge="12" pickup="45841514" />
	<card description="All jokers gone, DMG up" hud="HexBalatro" name="Hex" mimiccharge="12" pickup="45841515" />
	<card description="Give us all your money!" hud="WraithBalatro" name="Wraith" mimiccharge="12" pickup="45841516" />
	<card description="Otherworldly assistance" hud="CryptidBalatro" name="Cryptid" mimiccharge="12" pickup="45841517" />	
	<card description="..." hud="TheSoulBalatro" name="The Soul" mimiccharge="99" pickup="45841518" />	
	<!--Cant be mimicked!-->
 </pocketitems>