<sounds root="sounds/">
	<!--DSS-->
    <sound name="deadseascrolls_pop">
        <sample weight="1" path="deadseascrolls/pop.wav" />
    </sound>
    <sound name="deadseascrolls_whoosh">
        <sample weight="1" path="deadseascrolls/whoosh.wav" />
    </sound>
	<!-- Deck Cards -->
	<sound name="redcard_VO">
		<sample weight="1" path="redcard.wav"/>
	</sound>
	<sound name="bluecard_VO">
		<sample weight="1" path="bluecard.wav"/>
	</sound>
	<sound name="yellowcard_VO">
		<sample weight="1" path="yellowcard.wav"/>
	</sound>
	<sound name="greencard_VO">
		<sample weight="1" path="greencard.wav"/>
	</sound>
	<sound name="blackcard_VO">
		<sample weight="1" path="blackcard.wav"/>
	</sound>
	<!-- Planet Cards -->
	<sound name="pluto_VO">
		<sample weight="1" path="pluto.wav"/>
	</sound>
	<sound name="mercury_VO">
		<sample weight="1" path="mercury.wav"/>
	</sound>
	<sound name="uranus_VO">
		<sample weight="1" path="uranus.wav"/>
	</sound>
	<sound name="venus_VO">
		<sample weight="1" path="venus.wav"/>
	</sound>
	<sound name="saturn_VO">
		<sample weight="1" path="saturn.wav"/>
	</sound>
	<sound name="jupiter_VO">
		<sample weight="1" path="jupiter.wav"/>
	</sound>
	<sound name="earth_VO">
		<sample weight="1" path="earth.wav"/>
	</sound>
	<sound name="mars_VO">
		<sample weight="1" path="mars.wav"/>
	</sound>
	<sound name="neptune_VO">
		<sample weight="1" path="neptune.wav"/>
	</sound>
	<!-- Effects -->
	<sound name="jimbo_SFX">
		<sample weight="1" path="jimbo.wav"/>
	</sound>
	<sound name="nope_SFX">
		<sample weight="1" path="nope.wav"/>
	</sound>
	<!-- Jokers -->
	<sound name="bjoker_VO">
		<sample weight="1" path="bjoker.wav"/>
	</sound>
	<sound name="greedyjoker_VO">
		<sample weight="1" path="greedyjoker.wav"/>
	</sound>
	<sound name="lustyjoker_VO">
		<sample weight="1" path="lustyjoker.wav"/>
	</sound>
	<sound name="wrathfuljoker_VO">
		<sample weight="1" path="wrathfuljoker.wav"/>
	</sound>
	<sound name="gluttonousjoker_VO">
		<sample weight="1" path="gluttonousjoker.wav"/>
	</sound>
	<sound name="jollyjoker_VO">
		<sample weight="1" path="jollyjoker.wav"/>
	</sound>
	<sound name="wilyjoker_VO">
		<sample weight="1" path="wilyjoker.wav"/>
	</sound>
	<sound name="halfjoker_VO">
		<sample weight="1" path="halfjoker.wav"/>
	</sound>
	<sound name="jokerstencil_VO">
		<sample weight="1" path="jokerstencil.wav"/>
	</sound>
	<sound name="mime_VO">
		<sample weight="1" path="mime.wav"/>
	</sound>
	<sound name="marblejoker_VO">
		<sample weight="1" path="marblejoker.wav"/>
	</sound>
	<sound name="eightball_VO">
		<sample weight="1" path="eightball.wav"/>
	</sound>
	<sound name="misprint_VO">
		<sample weight="1" path="misprint.wav"/>
	</sound>
	<sound name="raisedfist_VO">
		<sample weight="1" path="raisedfist.wav"/>
	</sound>
	<sound name="fibonacci_VO">
		<sample weight="1" path="fibonacci.wav"/>
	</sound>
	<sound name="scaryface_VO">
		<sample weight="1" path="scaryface.wav"/>
	</sound>
	<sound name="hack_VO">
		<sample weight="1" path="hack.wav"/>
	</sound>
	<sound name="grosmichel_VO">
		<sample weight="1" path="grosmichel.wav"/>
	</sound>
	<sound name="supernova_VO">
		<sample weight="1" path="supernova.wav"/>
	</sound>
	<sound name="spacejoker_VO">
		<sample weight="1" path="spacejoker.wav"/>
	</sound>
	<sound name="egg_VO">
		<sample weight="1" path="egg.wav"/>
	</sound>
	<sound name="blackboard_VO">
		<sample weight="1" path="blackboard.wav"/>
	</sound>
	<sound name="bluejoker_VO">
		<sample weight="1" path="bluejoker.wav"/>
	</sound>
	<sound name="squarejoker_VO">
		<sample weight="1" path="squarejoker.wav"/>
	</sound>
	<sound name="riffraff_VO">
		<sample weight="1" path="riffraff.wav"/>
	</sound>
	<sound name="vampire_VO">
		<sample weight="1" path="vampire.wav"/>
	</sound>
	<sound name="vagabond_VO">
		<sample weight="1" path="vagabond.wav"/>
	</sound>
	<sound name="rocket_VO">
		<sample weight="1" path="rocket.wav"/>
	</sound>
	<sound name="hologram_VO">
		<sample weight="1" path="hologram.wav"/>
	</sound>
</sounds>